{"id":0,"label":"plant","box":[0.14891916513442994,0.8837770223617554,-0.1847904771566391,1.8177882432937623,0.2795920968055725,0.573490560054779,0.059699755162000659,0.9865680932998657,-0.15205034613609315,0.9308229684829712,0.0,0.36547040939331057],"children":[{"id":1,"label":"subbox","box":[0.17116095125675202,0.8760979771614075,-0.24774108827114106,1.8433493375778199,0.2760102152824402,0.282648503780365,0.09352391958236695,0.9685509204864502,-0.23056982457637788,0.9266697764396668,0.0,0.3758765459060669]},{"id":2,"label":"subbox","box":[0.052801795303821567,1.0948727130889893,-0.10133644193410874,1.2400977611541749,0.11481000483036041,0.2503437399864197,0.016754919663071634,0.9985509514808655,-0.05113902688026428,0.9502953886985779,0.0,0.3113497197628021]},{"id":3,"label":"subbox","box":[0.14384779334068299,1.196605920791626,-0.38437962532043459,0.10000000149011612,0.10000000149011612,0.10000000149011612,0.4648362100124359,0.8524085879325867,-0.2394305020570755,0.4579103887081146,0.0,0.8889983296394348]}]}