{"id":0,"label":"plant","box":[0.1988508552312851,0.8994180560112,-0.06997352093458176,1.8250212669372559,0.5550796985626221,0.36350101232528689,0.060484904795885089,0.9952797889709473,-0.07589232176542282,0.7820183038711548,0.0,0.6232554316520691],"children":[{"id":1,"label":"subbox","box":[0.15922203660011292,0.9132319092750549,0.05795210972428322,1.8470795154571534,0.10000000149011612,0.3419896364212036,0.07209273427724838,0.9970526695251465,0.02623961865901947,-0.3420202434062958,0.0,0.9396925568580627]},{"id":2,"label":"subbox","box":[0.07465340197086334,0.8296166062355042,-0.23101139068603517,0.8040474653244019,0.10000000149011612,0.10000000149011612,0.08550436794757843,0.9071767926216126,-0.41197001934051516,0.9791333079338074,0.0,0.20321910083293916]},{"id":3,"label":"subbox","box":[0.03566603362560272,1.3804656267166138,-0.20227205753326417,0.6479999423027039,0.10000000149011612,0.10000000149011612,0.07338690757751465,0.9063078165054321,-0.41619768738746645,0.9848077297210693,0.0,0.17364823818206788]},{"id":4,"label":"subbox","box":[0.1072254478931427,1.1847031116485596,0.039026882499456409,0.18000000715255738,0.10000000149011612,0.10000000149011612,0.3971312344074249,0.9063078165054321,0.14454400539398194,-0.3420202434062958,0.0,0.9396925568580627]}]}